{"users":[{"username":"john","type":"admin","password":"potato","country":"united states","movies":[],"balance":"3300"},{"username":"lisa","type":"normal","password":"chips123","country":"spain","movies":[{"id":"2","name":"The Pursuit Of Happyness"},{"id":"3","name":"The Notebook"},{"id":"5","name":"G"}],"balance":"33"},{"username":"shlomi","type":"normal","password":"cocacola","country":"israel","movies":[{"id":"1","name":"The Godfather"},{"id":"2","name":"The Pursuit Of Happyness"},{"id":"4","name":"Justice League"}],"balance":"95"},{"username":"a","type":"normal","password":"a","country":"","movies":[],"balance":"0"}]}